{"cameraMode":{"drawMode":0,"name":"Shaded","section":"Shading Mode"},"sceneLighting":true,"audioPlay":false,"sceneViewState":{"m_AlwaysRefresh":false,"showFog":true,"showSkybox":true,"showFlares":true,"showImageEffects":true,"showParticleSystems":true,"showVisualEffectGraphs":true,"m_FxEnabled":true},"in2DMode":false,"pivot":{"x":5.572277545928955,"y":-20.327133178710939,"z":21.49709701538086},"rotation":{"x":-0.35514748096466067,"y":-0.033084891736507419,"z":0.012578383088111878,"w":-0.934140682220459},"size":27.52165985107422,"orthographic":false}