{"cameraMode":{"drawMode":0,"name":"Shaded","section":"Shading Mode"},"sceneLighting":true,"audioPlay":false,"sceneViewState":{"m_AlwaysRefresh":false,"showFog":true,"showSkybox":true,"showFlares":true,"showImageEffects":true,"showParticleSystems":true,"showVisualEffectGraphs":true,"m_FxEnabled":false},"in2DMode":false,"pivot":{"x":1.0423952341079713,"y":20.880083084106447,"z":-19.491914749145509},"rotation":{"x":0.37407657504081728,"y":0.001394882914610207,"z":-0.0005546024767681956,"w":0.9274017214775086},"size":0.6503528952598572,"orthographic":false}