{"cameraMode":{"drawMode":0,"name":"Shaded","section":"Shading Mode"},"sceneLighting":true,"audioPlay":false,"sceneViewState":{"m_AlwaysRefresh":false,"showFog":true,"showSkybox":true,"showFlares":true,"showImageEffects":true,"showParticleSystems":true,"showVisualEffectGraphs":true,"m_FxEnabled":false},"in2DMode":false,"pivot":{"x":-8.046966552734375,"y":11.751876831054688,"z":-11.298114776611329},"rotation":{"x":0.4235283434391022,"y":0.014946259558200837,"z":-0.006989633198827505,"w":0.9057360887527466},"size":12.304051399230957,"orthographic":false}