{"cameraMode":{"drawMode":0,"name":"Shaded","section":"Shading Mode"},"sceneLighting":false,"audioPlay":false,"sceneViewState":{"m_AlwaysRefresh":false,"showFog":true,"showSkybox":false,"showFlares":true,"showImageEffects":true,"showParticleSystems":true,"showVisualEffectGraphs":true,"m_FxEnabled":true},"in2DMode":false,"pivot":{"x":-1.7030154466629029,"y":0.25329965353012087,"z":1.5459811687469483},"rotation":{"x":-0.15555381774902345,"y":0.0391039103269577,"z":-0.00616338150575757,"w":-0.9870416522026062},"size":1.8919379711151124,"orthographic":false}